
{
  "address": "0xa94f5374Fce5edBC8E2a8697C15331677e6EbF0B",
  "crypto": {
    "cipher": "aes-128-ctr",
    "cipherparams": { "iv": "6087dab2f9fdbbfaddc31a909735c1e6" },
    "ciphertext": "5318b4d5e3e5e0e908f869739c399bc4a26d138d6cf5a5e2e49c0bcb34d0c4df",
    "kdf": "scrypt",
    "kdfparams": {
      "dklen": 32,
      "n": 262144,
      "r": 8,
      "p": 1,
      "salt": "ab0c16d6c52b394a042798fcfcf68b03"
    },
    "mac": "517c6a101db1f6b7fd3a8d0ff3f99d49c63314a0a6c5e6e1df3a3f4e980e4e59"
  },
  "id": "6c2eb34f-8ce2-4f16-a0c1-72e6644f2f45",
  "version": 3
}
